caseid,age,gender,devicetype,locality,region,calls,sms,data,vas,network,rcalls,rsms,seconds,amount
1,2,1,1,0,2,303,102,1756,27,52,60,51,38755,1131.85
2,1,1,1,0,1,370,94,2048,13,46,74,47,67635,1706.5
3,0,1,1,1,0,425,95,2147,15,38,85,47,29123,857.885
4,1,1,1,1,1,284,88,1784,23,52,56,44,25803,825.56
5,2,1,0,1,1,419,102,2070,21,57,83,51,41156,1067.82
6,1,1,1,0,3,403,96,1899,16,46,80,48,59697,1483.265
7,2,1,0,0,1,408,94,1830,17,52,81,47,50171,1318.87
8,2,0,0,1,0,511,106,2025,21,38,102,53,67090,1579.975
9,3,1,1,0,1,278,93,1860,13,53,55,46,22927,712.84
10,0,1,1,1,1,526,95,1686,14,46,105,47,78425,1950.05
11,3,1,1,1,0,325,103,2144,14,42,65,51,35694,1253.03
12,2,1,1,1,0,286,102,2371,22,48,57,51,40020,1134.275
13,2,1,0,0,2,328,106,2185,23,42,65,53,30708,860.785
14,2,1,1,1,0,425,95,1992,25,43,85,47,53170,1232.95
15,3,1,0,0,2,415,106,1648,20,39,83,53,38055,1082.35
16,1,1,1,1,3,369,91,2272,20,45,73,45,42832,1224.69
17,1,1,0,0,1,304,99,1740,10,55,60,49,36410,913.3
18,1,1,1,1,1,335,102,1664,24,47,67,51,48256,1353.17
19,1,0,0,1,3,522,101,1801,25,53,104,50,51599,1357.105
20,2,0,0,1,0,419,91,2531,18,50,83,45,49078,1454.785
21,0,0,0,1,2,342,105,1862,19,53,68,52,59046,1596.47
22,1,1,1,1,3,305,104,2498,21,44,61,52,42984,1437.08
23,2,0,1,0,3,379,104,1905,16,57,75,52,38417,1032.115
24,1,0,0,0,1,233,98,2393,13,49,46,49,28341,799.595
25,0,0,1,0,2,351,98,1994,20,45,70,49,37110,1048.3
26,0,0,1,0,2,325,97,1461,21,39,65,48,36859,962.755
27,1,1,0,1,2,516,90,2344,16,50,103,45,57751,1644.42
28,3,0,1,1,2,501,103,1967,22,48,100,51,56803,1419.285
29,2,1,1,0,2,392,97,2562,17,47,78,48,37694,1118.83
30,3,0,1,1,3,286,97,2224,16,40,57,48,26204,986.68
31,2,1,1,1,1,490,110,1695,20,54,98,55,73432,1662.415
32,3,1,0,0,3,485,101,2054,19,53,97,50,58169,1372.68
33,0,0,0,0,0,472,96,2028,15,43,94,48,60417,1643.84
34,3,0,1,1,1,473,106,1771,26,47,94,53,42677,1349.465
35,1,0,1,0,1,364,98,1701,11,53,72,49,53713,1507.285
36,3,1,1,0,1,470,105,2209,24,53,94,52,59908,1660.985
37,2,0,1,0,1,530,104,2372,28,40,106,52,49517,1368.54
38,3,0,1,1,2,403,102,1568,19,48,80,51,48941,1317.87
39,2,1,0,1,1,302,93,2091,22,56,60,46,38213,1109.835
40,1,1,1,0,1,479,101,2032,14,47,95,50,54213,1313.41
41,3,0,1,0,0,478,101,1729,31,37,95,50,36324,1023.405
42,2,0,1,1,2,368,100,1593,21,50,73,50,41498,1278.585
43,2,0,1,0,1,569,99,2152,12,39,113,49,64957,1824.59
44,2,1,0,0,1,320,109,1904,13,51,64,54,50646,1150.22
45,2,1,1,0,2,434,108,2066,19,54,86,54,44061,1110.27
46,1,0,0,1,1,173,99,1731,27,44,34,49,24144,892.905
47,2,0,0,1,3,383,102,1573,17,41,76,51,40896,1025.695
48,1,0,0,1,2,513,106,1977,15,42,102,53,67772,1523.515
49,2,1,0,0,2,354,110,2071,20,46,70,55,31305,894.275
50,1,1,0,1,0,310,101,1889,19,52,62,50,41408,1083.985
51,0,1,0,0,2,472,98,1925,9,42,94,49,90581,2296.745
52,2,1,1,0,0,319,108,1806,20,47,63,54,39768,1110.56
53,1,1,1,1,2,426,104,2060,19,52,85,52,48934,1355.98
54,0,0,1,1,2,226,94,1915,20,42,45,47,23499,676.255
55,0,1,1,1,3,258,98,2312,19,52,51,49,24196,843.72
56,2,0,0,1,2,354,106,2177,14,52,70,53,44155,1196.125
57,1,1,1,1,1,296,99,2329,21,48,59,49,40052,1074.765
58,2,1,1,0,2,536,91,2864,24,52,107,45,53928,1453.06
59,2,0,1,0,1,491,96,1951,7,54,98,48,59410,1569.325
60,3,1,1,1,2,321,103,2107,27,59,64,51,40326,1221.845
61,1,1,1,1,3,457,92,1626,17,42,91,46,61215,1625.5
62,1,1,1,1,1,491,90,1579,12,44,98,45,61172,1540.965
63,2,0,1,1,2,425,97,1870,15,40,85,48,50020,1401.6
64,2,1,1,0,1,435,97,1962,20,33,87,48,56938,1483.76
65,2,1,1,1,2,517,98,1728,12,46,103,49,67205,1675.55
66,1,0,1,1,0,351,90,2048,21,52,70,45,50156,1469.97
67,1,1,0,0,1,358,99,2082,22,46,71,49,32407,778.99
68,3,1,1,1,2,495,92,2123,25,45,99,46,55191,1357.145
69,0,0,0,0,2,271,103,2543,16,51,54,51,39226,1007.945
70,2,0,0,0,1,418,95,1685,15,49,83,47,49717,1310.765
71,0,0,0,1,1,396,102,2237,25,46,79,51,57998,1557.685
72,2,1,1,0,2,446,97,2098,11,52,89,48,47812,1429.79
73,2,0,1,0,1,502,99,1918,20,45,100,49,59845,1624.15
74,2,1,1,1,1,426,102,1768,19,45,85,51,62354,1367.98
75,1,1,0,1,3,423,104,2074,29,40,84,52,55180,1467.3
76,3,0,1,0,2,474,107,2304,21,44,94,53,41901,1250.92
77,0,1,1,0,2,521,106,2396,14,54,104,53,64658,1545.11
78,2,0,0,0,2,438,96,2101,14,42,87,48,50770,1235.125
79,1,1,0,1,0,301,83,1804,10,50,60,41,38178,1060.41
80,3,1,0,1,2,384,103,1679,20,38,76,51,31358,932.335
81,3,1,1,0,3,573,110,1420,25,50,114,55,82160,2053.85
82,1,1,1,0,1,364,105,2028,22,45,72,52,27287,797.64
83,1,1,1,1,2,468,88,1979,17,50,93,44,53264,1602.555
84,2,0,1,1,2,522,102,1853,14,53,104,51,57181,1581.245
85,2,1,1,1,1,479,106,2339,15,54,95,53,59931,1650.445
86,1,1,1,1,1,399,90,2124,20,47,79,45,34331,1207.77
87,2,1,0,1,2,421,92,2100,17,43,84,46,37127,1133.29
88,2,1,1,0,1,311,93,2137,20,39,62,46,44257,1248.015
89,2,0,1,0,0,443,91,2172,19,53,88,45,65559,1734.13
90,1,0,1,1,2,311,104,1928,15,49,62,52,24759,841.53
91,2,1,0,1,2,314,96,1870,22,40,62,48,41465,1243.55
92,2,1,0,0,2,301,99,2312,18,46,60,49,37458,907.51
93,1,0,0,1,1,334,93,1947,24,51,66,46,51925,1554.375
94,2,1,1,1,1,505,106,2034,19,46,101,53,51318,1544.96
95,2,1,1,1,2,360,95,2246,15,52,72,47,45686,1313.67
96,2,1,1,1,3,392,99,2127,17,53,78,49,48906,1463.495
97,2,0,0,0,2,353,105,1864,13,44,70,52,38448,1003.81
98,2,0,1,0,2,454,101,2345,25,49,90,50,44011,1295.545
99,2,1,1,0,0,493,111,1918,17,47,98,55,76346,1957.82
100,1,1,1,1,2,379,98,1881,23,47,75,49,33210,819.075
1,1,0,1,1,1,461,98,1773,19,49,92,49,62233,1685.935
2,1,1,1,1,1,359,98,2197,17,46,71,49,43361,1218.895
3,2,1,1,1,2,505,100,2057,22,45,101,50,83561,2122.295
4,2,1,1,1,3,460,96,2113,20,41,92,48,51833,1399.485
5,2,1,1,1,1,501,112,1534,26,50,100,56,72068,1750.96
6,1,0,1,0,1,460,101,2097,21,50,92,50,61245,1616.225
7,2,0,1,1,2,420,100,1645,22,47,84,50,63008,1777.685
8,0,1,0,1,1,210,100,1954,22,52,42,50,21561,727.37
9,2,0,1,0,0,331,90,2124,22,50,66,45,57695,1562.15
10,2,0,1,0,0,448,102,2150,19,51,89,51,54067,1436.69
11,2,0,0,1,2,353,101,1879,14,47,70,50,43970,1420.125
12,1,1,1,1,2,372,96,1968,23,52,74,48,46053,1368.76
13,0,1,1,1,3,358,98,2218,15,48,71,49,25819,789.63
14,1,1,1,1,3,561,97,1688,24,48,112,48,75112,1588.19
15,1,0,1,0,2,327,102,1662,14,48,65,51,25741,828.32
16,0,0,0,1,2,354,95,2254,17,52,70,47,43731,1158.47
17,2,1,1,1,0,401,95,1543,18,47,80,47,62471,1508.345
18,2,0,1,1,2,421,102,1890,12,49,84,51,50378,1534.16
19,1,0,1,0,1,418,95,1655,30,52,83,47,37977,1053.015
20,2,1,1,0,2,394,98,1544,16,43,78,49,46070,1081.8
21,2,1,1,1,3,250,100,1801,11,53,50,50,33267,897.365
22,2,1,1,0,3,436,102,1858,21,42,87,51,43986,1142.27
23,1,1,1,1,1,451,95,2323,28,48,90,47,55868,1586.385
24,3,1,1,1,1,351,106,2289,20,44,70,53,44899,1261.655
25,2,0,1,0,1,467,100,2055,10,43,93,50,60352,1623.565
26,0,0,1,1,1,323,93,1786,22,43,64,46,33524,1053.68
27,2,1,1,1,3,438,95,2334,15,51,87,47,58815,1515.05
28,1,0,1,0,1,333,99,1669,24,34,66,49,42018,1153.335
29,0,0,0,1,1,227,100,1907,14,44,45,50,18639,692.305
30,2,0,1,1,1,515,99,1921,16,55,103,49,90466,2277.195
31,2,1,1,0,3,469,89,1684,13,50,93,44,46125,1327.65
32,1,1,1,0,2,414,101,2202,18,49,82,50,55874,1597.23
33,0,1,0,0,3,549,96,1608,14,51,109,48,63495,1583.45
34,2,1,0,1,2,236,103,1637,24,55,47,51,28512,642.865
35,1,0,1,1,1,412,103,2244,29,44,82,51,48392,1307.54
36,2,1,1,0,0,159,104,2092,21,42,31,52,24980,846.75
37,2,0,1,1,2,544,91,2043,14,44,108,45,84991,2097.295
38,3,0,0,0,1,312,95,1931,27,43,62,47,32952,734.515
39,1,0,1,1,2,269,101,2011,18,41,53,50,36242,1092.665
40,1,0,0,0,3,312,99,2392,20,51,62,49,40704,1253.68
41,0,1,1,1,1,283,99,1825,14,49,56,49,37444,1212.355
42,1,1,1,1,2,201,92,1893,15,48,40,46,29217,872.515
43,2,1,1,0,2,301,103,2020,14,42,60,51,31422,1014.89
44,1,1,0,1,1,384,102,2363,25,37,76,51,48200,1406.975
45,2,1,1,1,2,491,96,2316,12,38,98,48,57802,1676.69
46,0,0,1,1,2,440,96,1909,26,46,88,48,39512,1312.665
47,1,1,1,0,2,275,94,1755,18,43,55,47,33094,798.505
48,1,0,1,1,2,335,100,1902,19,51,67,50,36029,1008.08
49,2,1,1,1,2,593,93,2104,11,57,118,46,71843,1830.61
50,1,0,1,0,2,441,93,2024,26,40,88,46,57031,1502.57
51,3,1,1,1,2,270,101,2058,31,47,54,50,38603,1294.71
52,1,1,0,1,2,663,101,1999,24,50,132,50,75635,1876.225
53,2,0,0,0,2,448,97,1477,11,47,89,48,27558,742.685
54,0,0,0,1,3,485,90,2027,23,52,97,45,32990,1006.925
55,3,0,1,1,1,508,97,1721,9,57,101,48,63389,1632.605
56,2,1,1,0,1,422,95,1972,21,38,84,47,52919,1512.38
57,2,1,0,1,2,406,98,1963,20,50,81,49,55152,1462.515
58,1,0,1,0,1,301,102,1748,30,44,60,51,39292,992.99
59,2,1,1,0,2,268,99,2149,23,57,53,49,23997,850.865
60,0,1,1,1,1,646,101,2010,18,55,129,50,89025,2180.45
61,2,0,0,1,1,333,97,2090,23,46,66,48,33706,959.62
62,1,1,0,0,0,491,103,2034,19,52,98,51,73432,1537.84
63,0,0,1,1,1,496,101,1559,22,42,99,50,48892,1302.015
64,3,1,1,0,2,560,107,2155,22,34,112,53,66402,1620.715
65,3,1,0,0,1,583,101,1937,18,49,116,50,86418,1968.435
66,1,1,1,0,2,470,97,2023,22,53,94,48,52937,1482.315
67,0,1,0,1,1,521,102,2005,18,53,104,51,51795,1291.875
68,1,1,1,1,3,287,100,1704,25,44,57,50,40860,1177.45
69,1,0,1,0,3,466,92,2017,23,56,93,46,64164,1496.805
70,2,1,0,0,2,521,106,2142,15,41,104,53,44021,1156.42
71,2,1,1,1,1,423,95,2419,26,46,84,47,63039,1569.005
72,1,0,0,0,1,358,100,2200,21,47,71,50,43567,1109.04
73,3,1,1,1,3,423,108,1785,22,47,84,54,32208,1006.135
74,2,1,1,1,1,344,97,2011,17,41,68,48,35771,1186.495
75,0,1,1,1,1,349,104,1943,22,50,69,52,31907,910.065
76,3,1,0,1,1,516,93,1666,19,45,103,46,59205,1371.85
77,2,0,0,0,2,615,105,1995,21,52,123,52,80985,1997.625
78,2,1,0,1,0,229,102,2004,27,49,45,51,29434,1005.43
79,2,0,1,1,1,239,96,2156,22,54,47,48,30353,1043.71
80,1,1,1,1,1,296,94,2039,12,47,59,47,36885,969.675
81,1,1,0,1,2,432,88,2373,12,55,86,44,65607,1722.865
82,1,0,1,1,2,311,107,2408,14,44,62,53,36574,1248.53
83,2,1,1,1,2,439,94,1685,13,49,87,47,39231,971.795
84,1,1,0,1,1,423,102,1937,24,47,84,51,64592,1569.415
85,3,1,1,1,0,356,97,2239,18,52,71,48,50042,1506.215
86,1,0,0,1,0,345,93,2135,18,44,69,46,36400,992.625
87,0,1,1,0,0,267,94,2282,24,47,53,47,35497,1274.04
88,0,0,1,1,0,468,101,1886,22,52,93,50,42175,1222.15
89,1,1,0,0,1,616,96,1738,23,38,123,48,81804,1721.83
90,1,0,1,0,2,358,94,1706,14,47,71,47,44650,1286.65
91,2,1,0,0,3,264,99,1796,23,44,52,49,34050,883.3
92,2,0,0,1,2,332,99,1921,18,47,66,49,46871,1211.545
93,2,0,0,0,1,464,95,2137,17,58,92,47,46454,1215.405
94,3,1,1,1,1,477,101,1853,18,49,95,50,33145,1032.175
95,0,0,0,1,2,667,98,1554,11,43,133,49,72881,1790.42
96,1,0,0,0,1,262,100,2414,24,49,52,50,32196,899.07
97,0,1,1,0,2,405,89,1905,17,45,81,44,40707,1228.615
98,1,0,1,0,1,380,92,2203,8,49,76,46,56004,1565.355
99,1,0,0,1,0,273,103,2185,16,47,54,51,31752,1103.415
100,1,1,1,1,0,333,102,1975,7,56,66,51,48177,1290.565
1,1,1,1,1,2,266,96,2625,8,42,53,48,30427,1065.565
2,2,1,1,1,2,427,104,2116,15,48,85,52,37830,1213.15
3,1,0,1,0,3,508,98,1868,20,51,101,49,49982,1311.44
4,2,0,1,1,2,235,102,2196,26,40,47,51,31013,1039.31
5,3,0,1,1,0,354,101,1753,19,51,70,50,41344,1288.805
6,0,1,1,1,2,546,99,2101,24,47,109,49,70763,1897.185
7,2,1,1,1,0,232,95,1956,25,49,46,47,27859,807.18
8,1,1,0,1,1,556,100,2250,17,42,111,50,65953,1700.01
9,1,1,0,0,1,250,99,2093,22,46,50,49,25507,814.965
10,1,1,1,1,3,281,104,2010,23,40,56,52,26289,859.78
11,3,0,0,0,2,364,95,2010,22,52,72,47,49188,1330.11
12,2,1,1,0,1,308,102,1941,27,50,61,51,25481,894.545
13,2,0,1,1,1,484,97,2127,24,38,96,48,62569,1554.355
14,1,0,0,1,3,351,99,1885,24,48,70,49,26121,876.695
15,3,1,1,0,2,472,106,2004,24,40,94,53,65282,1531.74
16,1,1,0,1,2,338,101,1789,19,39,67,50,31686,968.145
17,1,0,1,0,2,434,100,2017,28,46,86,50,52334,1403.905
18,1,1,1,1,1,581,102,2089,17,48,116,51,66456,1571.995
19,2,0,1,0,2,545,105,1729,27,48,109,52,60559,1446.555
20,0,1,1,1,2,441,102,1859,28,47,88,51,52633,1602.785
21,3,1,1,1,1,420,99,1911,20,39,84,49,56542,1588.515
22,2,1,0,0,0,568,101,1870,21,57,113,50,73837,1697.79
23,1,1,1,0,2,303,93,1801,16,42,60,46,40434,1086.055
24,0,1,1,0,3,466,104,2212,16,48,93,52,33338,1022.36
25,2,1,1,1,2,344,102,1634,20,49,68,51,41101,1062.57
26,0,1,1,1,0,644,102,1894,19,42,128,51,44131,1441.87
27,1,1,1,1,0,369,104,2016,11,51,73,52,52480,1327.65
28,2,1,0,1,2,388,93,2417,27,41,77,46,40015,1412.925
29,2,1,0,0,0,496,98,2013,17,50,99,49,51906,1220.045
30,2,1,1,1,2,459,105,1773,22,55,91,52,46480,1289.375
31,2,1,1,0,2,279,99,2245,25,39,55,49,39682,1107.515
32,2,1,1,1,0,369,99,1990,20,51,73,49,38220,1312.6
33,0,0,0,0,1,440,98,2012,12,49,88,49,50140,1344.2
34,1,1,1,0,3,231,101,1768,13,49,46,50,34399,1049.83
35,1,0,1,1,1,328,107,1912,22,50,65,53,36454,1014.38
36,2,1,1,0,2,374,96,1613,23,44,74,48,53099,1348.605
37,1,1,0,1,2,299,100,1554,16,46,59,50,22176,778.92
38,1,1,0,0,1,307,99,2197,18,41,61,49,24347,737.715
39,2,1,1,1,2,444,99,1955,18,52,88,49,60729,1463.055
40,2,0,1,1,1,367,96,2059,11,45,73,48,29999,951.905
41,0,1,1,0,0,372,94,2451,19,47,74,47,48152,1233.015
42,2,1,1,0,3,528,93,1405,12,42,105,46,66556,1667.845
43,1,1,0,1,1,430,98,1699,17,46,86,49,46941,1295.795
44,2,1,0,1,1,527,99,1981,17,52,105,49,74662,1871.015
45,3,0,1,1,2,503,108,1968,14,50,100,54,45613,1392.61
46,1,1,0,1,2,466,103,1901,25,42,93,51,64550,1559.925
47,1,0,0,0,2,368,96,2461,15,45,73,48,46625,1228.125
48,1,0,1,1,2,446,90,2264,18,53,89,45,64306,1640.52
49,1,0,1,1,1,447,102,2456,22,45,89,51,37868,1155.61
50,1,1,1,1,1,653,97,1852,22,54,130,48,59740,1650.25
51,1,0,1,0,2,346,99,2188,14,55,69,49,30419,1137.98
52,1,1,1,1,1,536,103,2101,22,38,107,51,50212,1372.965
53,2,1,1,0,2,414,105,2287,12,53,82,52,65103,1624.635
54,2,1,0,1,1,321,98,2014,16,50,64,49,46727,1221.74
55,1,1,1,0,2,588,96,1812,19,53,117,48,104558,2315.86
56,1,1,1,1,2,455,104,2033,19,52,91,52,64569,1560.755
57,1,1,0,1,2,215,100,2201,21,54,43,50,26986,846.095
58,2,1,1,1,2,344,94,1773,15,48,68,47,36637,954.265
59,1,0,1,0,3,397,102,1468,15,45,79,51,59866,1533.87
60,0,0,0,0,2,184,110,1714,21,56,36,55,12410,494.35
61,2,1,1,1,1,577,100,2366,21,45,115,50,63353,1643.26
62,1,1,0,1,3,476,96,2134,19,50,95,48,44898,1412.01
63,2,0,1,0,1,351,94,2515,21,54,70,47,37618,1262.185
64,3,1,1,0,3,352,104,2039,25,59,70,52,56396,1424.195
65,1,1,1,0,3,433,99,1950,22,44,86,49,58741,1519.72
66,1,0,1,1,1,302,98,2266,18,49,60,49,35794,1258.73
67,2,0,1,1,3,346,95,1818,27,38,69,47,49266,1331.87
68,3,1,0,0,2,406,98,1860,29,49,81,49,35620,904.8
69,2,0,1,1,1,410,99,2198,13,50,82,49,50258,1454.61
70,3,1,0,1,2,516,99,2000,36,43,103,49,90324,2068.08
71,2,0,0,1,2,439,100,1922,13,49,87,50,30122,710.84
72,0,0,1,0,2,386,95,1907,16,46,77,47,54110,1365.575
73,3,1,0,1,0,362,101,1741,30,43,72,50,56185,1363.825
74,1,1,1,1,2,527,94,1977,24,44,105,47,69513,1664.935
75,2,1,1,0,1,330,100,1820,21,46,66,50,47483,1172.36
76,3,1,0,1,2,456,92,2130,15,48,91,46,70996,1639.47
77,2,0,1,0,0,430,90,1840,14,45,86,45,46481,1230.02
78,1,1,1,1,1,421,95,1752,24,39,84,47,66022,1717.29
79,1,0,0,1,0,492,96,2094,19,53,98,48,70535,1695.85
80,1,1,1,1,3,311,90,2207,21,41,62,45,39963,1264.885
81,2,1,1,1,2,399,89,1869,22,38,79,44,51217,1160.815
82,1,1,1,0,1,380,108,2076,17,36,76,54,46127,1436.14
83,1,1,1,0,1,176,102,1821,12,41,35,51,21340,663.725
84,1,1,1,0,1,447,95,2448,10,47,89,47,47127,1488.09
85,3,1,1,1,1,562,105,2071,27,51,112,52,44235,1372.975
86,1,0,0,0,2,280,98,1858,18,46,56,49,31309,864.63
87,3,0,0,0,1,565,103,2415,30,46,113,51,50371,1322.445
88,1,0,1,0,1,420,102,2040,20,51,84,51,45203,1136.36
89,1,1,1,0,0,538,102,1723,16,45,107,51,59565,1422.875
90,0,1,0,0,2,314,101,1991,24,53,62,50,34009,1000.555
91,1,1,1,1,1,468,94,2151,18,41,93,47,82847,2075.515
92,3,0,1,0,2,341,95,1932,22,47,68,47,35219,922.33
93,1,0,0,0,1,331,94,2124,10,54,66,47,38554,1054.93
94,3,0,1,1,1,437,107,1745,20,44,87,53,54262,1296.315
95,1,0,1,1,1,531,98,2428,15,48,106,49,72072,1849.59
96,2,0,0,0,2,431,99,2151,16,56,86,49,48637,1199.265
97,0,1,1,1,2,349,99,2033,20,51,69,49,47170,1311.975
98,2,0,1,0,1,525,99,2302,27,47,105,49,55016,1622.62
99,0,0,0,1,1,369,96,1540,15,50,73,48,45715,1374.35
100,3,1,1,0,3,481,100,1942,12,51,96,50,65636,1816.82
1,2,0,0,0,2,274,102,2149,23,53,54,51,22847,834.065
2,1,1,1,1,1,476,100,1553,28,41,95,50,61502,1423.865
3,1,0,1,0,1,319,108,2222,22,48,63,54,29933,998.16
4,1,1,0,1,1,362,106,1835,11,44,72,53,48332,1212.215
5,0,1,1,0,0,263,100,2339,15,44,52,50,32287,778.165
6,1,0,0,1,2,751,97,2472,13,39,150,48,119942,2691.29
7,3,1,1,1,2,278,98,1930,21,52,55,49,46001,1227.27
8,2,1,1,1,2,419,94,1605,25,40,83,47,69282,1766.115
9,1,1,1,1,0,409,105,2257,24,42,81,52,46906,1367.795
10,2,0,1,1,2,312,101,1938,24,40,62,50,35464,1076.63
11,1,1,1,0,2,426,96,2186,33,43,85,48,53777,1370.29
12,2,1,0,0,2,465,102,2188,13,46,93,51,70603,1555.91
13,2,0,1,1,0,476,98,2334,26,40,95,49,47594,1435.83
14,2,0,0,0,2,176,101,1674,20,45,35,50,19263,458.91
15,2,0,0,1,1,309,96,1769,19,46,61,48,36189,904.455
16,1,0,1,1,1,383,102,1666,21,44,76,51,20414,589.38
17,2,1,1,0,3,393,105,1982,11,48,78,52,43406,1093.92
18,1,1,1,1,2,349,100,2586,24,38,69,50,37519,1274.28
19,1,0,1,0,0,452,93,2033,20,49,90,46,55966,1389.245
20,1,1,1,0,1,403,91,2398,28,42,80,45,47811,1287.22
21,1,1,1,0,1,308,106,2450,9,49,61,53,51069,1388.43
22,2,0,1,0,1,491,99,2411,21,50,98,49,66861,1862.145
23,2,1,0,1,2,366,97,2157,17,45,73,48,34342,935.665
24,2,1,1,1,3,409,106,1617,17,49,81,53,56006,1396.895
25,2,1,1,0,2,612,99,1743,9,46,122,49,82361,1656.095
26,2,1,1,1,2,419,102,1767,23,43,83,51,23077,877.165
27,1,1,1,0,2,303,103,2257,20,47,60,51,27247,889.215
28,1,0,1,1,1,371,102,2154,25,46,74,51,37999,1326.08
29,1,1,0,1,2,416,99,1838,27,46,83,49,33973,1029.21
30,2,1,1,1,1,288,97,1813,20,48,57,48,28047,918.465
31,3,1,1,1,1,207,89,1734,15,57,41,44,27459,938.38
32,3,1,0,0,2,352,97,2083,21,44,70,48,39617,928.515
33,3,0,1,1,3,453,102,2064,12,38,90,51,40780,1028.45
34,2,1,1,1,0,307,95,1801,24,41,61,47,36956,901.595
35,1,0,1,0,1,468,106,1661,21,40,93,53,62358,1441.885
36,2,1,0,0,1,552,101,1907,9,48,110,50,56685,1357.475
37,1,1,0,1,3,419,104,1829,11,57,83,52,52711,1351.995
38,1,0,0,1,1,569,97,1955,13,43,113,48,64588,1550.885
39,1,1,1,1,1,427,96,2104,11,49,85,48,56154,1431.03
40,0,1,1,0,3,342,97,1689,17,49,68,48,23477,858.065
41,3,0,1,1,2,384,101,2040,15,53,76,50,42586,1329.82
42,1,0,1,0,1,648,96,2145,21,51,129,48,91937,2167.065
43,2,1,0,1,3,507,88,1946,17,42,101,44,50852,1327.34
44,1,0,0,0,1,434,101,1509,24,48,86,50,57560,1223.825
45,2,1,1,1,0,422,96,2127,26,48,84,48,43034,1306.655
46,0,0,0,1,1,406,100,1653,18,46,81,50,34879,1056.905
47,3,0,1,1,2,430,99,2625,19,44,86,49,41407,1258.965
48,2,1,1,1,2,550,106,1967,17,52,110,53,72878,1892.435
49,0,1,1,1,1,461,104,2024,13,50,92,52,38533,1234.41
50,3,0,1,0,2,408,107,1748,21,44,81,53,56938,1494.86
51,1,0,1,0,1,160,99,1765,15,44,32,49,19489,564.205
52,2,0,1,0,1,404,103,2392,15,42,80,51,52915,1509.5
53,2,1,1,0,2,433,94,2070,20,50,86,47,75098,1681.76
54,3,0,1,1,2,443,100,2008,17,47,88,50,51500,1280.55
55,2,1,1,0,1,421,97,2155,12,49,84,48,50135,1261.925
56,1,0,1,1,3,411,97,2079,27,48,82,48,38803,1252.685
57,2,1,1,1,0,200,104,1927,24,58,40,52,32205,941.575
58,1,1,1,1,2,550,91,1783,29,40,110,45,50069,1266.755
59,1,0,0,0,1,435,101,1907,22,43,87,50,49886,1209.445
60,1,0,1,1,2,443,110,2439,22,43,88,55,50558,1304.685
61,0,0,0,1,0,476,101,1974,25,47,95,50,53937,1449.59
62,0,1,1,1,0,440,98,2010,19,42,88,49,67731,1653.77
63,2,0,0,0,2,202,93,1867,24,53,40,46,27100,911.475
64,0,1,1,1,3,291,95,1857,19,50,58,47,43720,1179.475
65,3,0,1,1,2,506,97,2028,19,54,101,48,62732,1874.44
66,1,0,0,1,0,612,103,2101,19,43,122,51,73505,1767.825
67,1,1,0,1,0,349,106,2344,19,39,69,53,34346,1118.77
68,1,1,1,1,2,440,101,2199,10,53,88,50,67027,1695.815
69,2,1,1,1,3,604,105,1829,18,46,120,52,97620,2399.125
70,1,1,1,1,0,380,106,1710,19,49,76,53,50258,1163.31
71,1,1,1,1,0,537,103,1324,11,45,107,51,33007,988.39
72,2,1,1,1,1,348,105,1865,20,40,69,52,45858,1277.185
73,1,1,1,1,1,328,107,1970,22,45,65,53,44159,1135.23
74,3,1,1,1,0,382,90,2403,25,35,76,45,43266,1136.795
75,0,0,1,1,1,359,100,2077,21,43,71,50,42618,1062.335
76,3,0,0,0,1,482,89,2073,18,45,96,44,57852,1582.465
77,1,1,1,1,1,321,101,1649,14,56,64,50,37584,978.955
78,3,1,0,1,1,306,97,1843,24,46,61,48,33622,978.815
79,1,1,0,1,2,441,99,1993,30,41,88,49,48211,1189.395
80,2,0,1,0,3,609,94,2001,27,43,121,47,90158,2109.135
81,0,0,1,0,2,355,97,2074,22,56,71,48,36756,1052.62
82,2,0,0,1,1,290,100,2254,32,49,58,50,39000,1248.35
83,1,0,1,0,3,347,106,2617,24,50,69,53,25605,927.575
84,2,1,1,0,1,351,102,1835,25,46,70,51,62713,1614.485
85,1,0,1,1,2,412,89,2019,27,51,82,44,41280,1210.275
86,2,0,1,1,0,392,98,1789,20,49,78,49,57209,1438.105
87,2,0,1,0,1,364,92,2061,18,44,72,46,50396,1338.145
88,0,1,1,1,2,195,106,1905,27,46,39,53,31457,1006.915
89,2,1,1,1,0,324,107,2466,21,52,64,53,42281,1265.07
90,1,1,1,0,2,241,107,2250,24,52,48,53,30076,1098.12
91,3,0,0,1,0,371,99,2294,23,46,74,49,45356,1279.22
92,0,0,0,0,0,330,100,1852,15,44,66,50,26446,802.82
93,2,1,1,1,1,382,105,1853,22,52,76,52,38750,1099.625
94,0,1,1,1,3,377,99,2069,15,48,75,49,47932,1512.315
95,1,0,1,0,1,491,110,1692,11,49,98,55,37885,1161.75
96,3,0,0,1,0,288,100,1975,20,48,57,50,32456,1047.195
97,1,1,0,0,2,333,105,2374,24,53,66,52,54397,1413.54
98,0,1,1,1,1,312,102,2373,21,51,62,51,27349,984.605
99,1,0,0,0,1,386,98,2447,17,52,77,49,47428,1311.435
100,3,1,1,0,1,430,99,1799,10,55,86,49,64676,1656.295
1,2,1,0,1,1,616,91,2418,14,48,123,45,47462,1452.59
2,1,1,1,0,1,488,100,1692,22,42,97,50,74356,1728.42
3,2,0,0,0,1,450,100,2052,16,53,90,50,47058,1323.06
4,2,1,1,0,1,411,96,2063,21,53,82,48,57758,1546.585
5,1,0,0,1,2,370,95,1748,28,42,74,47,63692,1650.34
6,0,1,1,0,3,477,99,2014,26,51,95,49,63548,1714.16
7,2,1,1,1,1,612,100,2262,19,41,122,50,56752,1807.39
8,2,0,1,1,1,454,107,2041,25,49,90,53,59838,1670.685
9,3,0,0,1,3,553,102,2317,21,46,110,51,62197,1642.115
10,1,1,0,1,1,566,97,2358,23,55,113,48,78740,1949.35
11,0,1,0,1,0,352,96,1980,19,49,70,48,37799,1023.48
12,2,1,1,1,1,363,102,2081,11,51,72,51,40699,1279.655
13,0,0,0,0,3,348,107,2060,20,53,69,53,49061,1390.12
14,2,1,0,1,2,439,110,1974,19,37,87,55,58600,1516.3
15,2,1,1,1,2,368,104,1544,9,51,73,52,47124,1305.28
16,3,0,1,1,0,331,92,1908,15,44,66,46,43200,1111.15
17,2,1,0,1,1,563,105,1841,20,42,112,52,48468,1324.335
18,1,0,1,0,2,331,99,2408,25,49,66,49,27297,950.79
19,1,1,1,1,2,368,97,2132,17,48,73,48,45801,1405.12
20,2,1,1,1,1,335,92,2623,10,48,67,46,36751,1155.645
21,1,0,1,1,1,463,100,2175,21,51,92,50,48398,1355.185
22,1,0,0,1,2,402,104,2050,21,50,80,52,31830,918.45
23,3,0,0,1,2,422,91,1931,22,43,84,45,60495,1412.975
24,3,0,1,1,2,375,101,1790,10,47,75,50,62460,1705.5
25,2,1,1,1,2,402,103,2106,17,51,80,51,28366,926.77
26,1,1,1,1,1,275,93,2128,18,40,55,46,18521,749.27
27,1,1,1,1,0,279,105,1496,23,48,55,52,34874,1008.03
28,0,1,1,1,2,427,101,1490,18,43,85,50,37710,1018
29,3,0,0,1,1,572,99,2314,21,51,114,49,37437,1159.69
30,2,1,1,0,3,293,97,1969,18,51,58,48,30253,914.435
31,2,0,1,1,2,388,107,2118,16,44,77,53,52254,1497.93
32,3,1,1,1,2,335,97,2100,21,49,67,48,49254,1286.03
33,0,1,1,1,1,494,99,1521,17,51,98,49,46160,1355.725
34,3,1,1,1,1,591,108,2143,19,51,118,54,86072,2192.665
35,3,0,1,1,1,299,104,1682,24,51,59,52,32751,1146.12
36,0,1,0,0,2,454,98,1716,21,45,90,49,43826,1232.12
37,1,0,0,0,2,403,105,2042,22,49,80,52,58739,1384.78
38,0,1,0,1,1,368,89,2113,21,45,73,44,36912,1050.265
39,1,1,1,1,1,428,95,1765,27,43,85,47,68453,1606.585
40,2,0,0,1,1,365,96,1813,28,43,73,48,34495,1051.475
41,2,1,0,0,3,411,100,1819,23,40,82,50,63755,1551.325
42,3,0,0,0,2,454,97,1996,16,49,90,48,83665,1874.7
43,2,0,1,0,2,514,98,1967,26,39,102,49,54233,1593.535
44,0,0,1,1,2,271,103,2000,27,43,54,51,31302,997.89
45,2,1,0,0,2,491,99,2171,17,47,98,49,52360,1477.425
46,1,0,0,0,1,315,96,1994,31,41,63,48,43842,1173.64
47,0,0,1,1,3,258,92,1790,17,46,51,46,40972,1164.59
48,1,0,1,1,0,133,98,1921,16,49,26,49,16035,725.775
49,1,0,0,1,1,483,98,1862,22,39,96,49,64557,1730.94
50,2,0,0,0,2,637,101,2648,21,46,127,50,37536,1201.37
51,1,0,0,1,2,401,100,1997,16,54,80,50,33683,1060.335
52,2,1,1,0,1,236,107,2439,25,42,47,53,33983,1148.735
53,2,0,1,0,1,448,100,2418,27,50,89,50,57136,1365.07
54,2,0,1,0,2,298,106,1919,9,46,59,53,34348,1009.835
55,0,0,1,1,3,509,96,1943,24,45,101,48,59325,1346.325
56,1,1,1,1,2,286,97,2029,24,44,57,48,39807,1117.565
57,2,1,0,1,2,398,100,1705,13,46,79,50,56452,1363.965
58,2,1,0,0,1,429,99,1965,18,44,85,49,55037,1352.915
59,2,0,1,1,1,720,103,2177,23,46,144,51,114706,2635.445
60,1,1,0,1,2,408,103,1755,17,48,81,51,40525,949.075
61,2,0,1,1,3,457,102,2187,13,47,91,51,63136,1667.145
62,3,1,1,0,2,452,108,2155,16,43,90,54,55680,1446.275
63,3,1,0,0,1,355,110,2100,22,51,71,55,48089,1211.33
64,1,1,1,1,2,332,107,1820,12,43,66,53,54493,1554.16
65,1,0,1,1,1,615,105,2077,20,42,123,52,73519,1827.455
66,1,1,0,1,3,459,91,2373,14,40,91,45,71865,1841.375
67,2,1,1,1,0,361,97,1934,19,44,72,48,37204,1324.88
68,3,1,1,1,1,471,98,1350,20,53,94,49,50288,1296.16
69,1,0,1,0,1,570,92,1971,34,49,114,46,65319,1680.755
70,2,1,1,0,2,507,101,1981,16,49,101,50,54724,1467.055
71,2,0,0,1,2,477,103,1437,16,56,95,51,49046,1384.895
72,2,1,0,1,1,405,108,2101,13,45,81,54,46229,1344.055
73,2,1,1,1,3,291,96,1890,23,47,58,48,25737,958.14
74,1,1,0,1,1,399,100,2234,20,53,79,50,63419,1570.88
75,2,1,0,1,2,603,94,1658,17,45,120,47,59882,1522.64
76,3,1,1,0,1,288,100,2126,18,52,57,50,30466,795.47
77,1,0,1,1,3,513,96,1954,17,39,102,48,58816,1585.42
78,0,1,1,1,2,338,103,1805,19,50,67,51,45671,1214.145
79,2,0,0,1,3,180,107,2116,20,46,36,53,20300,735.8
80,2,1,0,1,2,278,97,2092,25,46,55,48,27858,814.36
81,2,1,0,1,1,395,105,2115,12,51,79,52,49476,1402.445
82,2,1,0,1,2,559,105,2391,14,51,111,52,53985,1554.525
83,2,1,1,1,1,492,115,2230,26,33,98,57,49729,1326.33
84,1,0,1,0,1,482,100,1860,28,56,96,50,51111,1409.22
85,2,1,1,1,1,502,96,2062,14,53,100,48,42718,1058.51
86,1,0,1,1,1,352,99,1967,11,41,70,49,40992,1078.415
87,0,1,1,1,1,563,103,1312,19,52,112,51,72334,1808.23
88,1,0,1,0,0,336,91,2292,20,41,67,45,25951,703.52
89,2,1,0,1,1,262,103,1882,17,50,52,51,32361,924.57
90,1,1,1,1,1,374,101,2008,11,55,74,50,43864,1198.68
91,3,0,1,1,3,567,85,1816,13,55,113,42,60972,1548.09
92,1,1,0,1,3,145,107,2454,27,55,29,53,16252,675.94
93,3,1,1,0,0,401,92,1986,10,40,80,46,62657,1684.64
94,2,0,1,1,3,596,92,1866,22,47,119,46,49705,1480.25
95,2,0,1,1,2,361,94,1760,25,45,72,47,55328,1493.01
96,1,1,0,0,1,491,98,2004,18,45,98,49,65273,1506.61
97,1,1,1,0,1,255,90,2397,24,51,51,45,31328,849.435
98,3,1,1,1,1,287,100,1850,20,58,57,50,35233,1172.06
99,0,0,0,1,1,302,101,1985,10,52,60,50,32417,1149.865
100,2,1,0,1,1,393,100,1908,17,43,78,50,54403,1667.21
1,3,0,1,0,0,186,101,2036,19,51,37,50,27999,855.88
2,0,1,1,1,1,273,100,1533,15,47,54,50,34176,919.995
3,2,1,1,1,0,408,94,2105,24,50,81,47,49388,1356.085
4,1,1,0,1,2,418,103,1600,20,54,83,51,43352,987.64
5,2,0,0,1,1,418,104,1794,11,52,83,52,26486,803.57
6,3,1,0,1,0,421,103,1969,11,45,84,51,37464,1119.355
7,1,0,0,1,3,335,91,2164,20,43,67,45,35092,932.49
8,0,0,1,0,1,425,97,1946,23,40,85,48,65408,1603.66
9,2,1,1,1,3,353,99,1799,24,49,70,49,37011,1124.945
10,1,0,1,1,1,280,110,1522,32,49,56,55,42269,1338.73
11,3,1,1,1,3,412,100,1529,19,46,82,50,57024,1300.705
12,2,1,1,1,3,296,97,1728,29,50,59,48,37891,1121.22
13,2,1,1,1,1,380,100,2507,25,48,76,50,42336,1382.395
14,0,1,1,0,2,302,98,2033,23,51,60,49,36413,1254.685
15,2,1,1,0,3,405,103,2071,22,58,81,51,63883,1536.085
16,2,0,1,1,2,188,102,1888,16,44,37,51,26081,897.22
17,1,0,1,0,3,497,106,2511,16,54,99,53,38054,1260.405
18,2,1,1,1,1,437,93,2084,16,42,87,46,41316,1071.77
19,0,0,1,1,0,472,101,1714,14,44,94,50,69399,1662.73
20,2,1,1,0,2,587,98,2032,17,47,117,49,62805,1628.65
21,2,1,1,0,3,360,97,1382,17,42,72,48,42424,1245.83
22,1,0,0,0,1,411,94,1579,23,47,82,47,46637,1146.065
23,1,1,1,0,1,340,105,2001,12,53,68,52,30402,1159.165
24,1,1,1,1,1,441,92,2242,29,48,88,46,43677,1280.74
25,2,1,1,1,1,345,96,2173,21,48,69,48,37782,956.015
26,2,0,1,1,1,516,105,2024,22,40,103,52,57376,1572.02
27,1,0,0,0,2,463,108,1879,24,45,92,54,49580,1243.325
28,2,1,1,1,2,387,103,2017,20,45,77,51,44421,1392.695
29,3,1,1,1,0,418,103,1990,22,38,83,51,39900,1333.95
30,2,0,1,1,1,348,91,2048,17,38,69,45,46540,1394.8
31,2,1,1,0,1,406,107,1772,27,43,81,53,53440,1442.3
32,1,0,1,0,1,381,95,1864,22,47,76,47,56751,1329.47
33,1,1,1,1,0,259,103,1933,12,37,51,51,34385,1037.475
34,1,1,1,1,2,422,104,2128,32,43,84,52,74047,1866.94
35,2,1,1,1,2,311,94,1624,17,46,62,47,39467,1260.59
36,2,1,1,1,0,383,101,1699,24,45,76,50,27084,989.205
37,1,1,0,0,2,375,100,2262,24,55,75,50,33214,862.68
38,2,1,1,1,2,397,103,1545,22,44,79,51,63617,1333.215
39,2,1,1,1,2,368,103,2300,24,40,73,51,50372,1394.04
40,3,1,0,1,1,358,96,1408,23,55,71,48,51198,1498.26
41,0,1,0,1,2,297,94,1912,17,47,59,47,24638,813.41
42,3,0,0,0,1,509,107,2407,25,47,101,53,49558,1327.385
43,0,0,1,1,2,481,92,2035,22,46,96,46,32866,1017.745
44,0,1,1,1,3,416,103,2078,16,44,83,51,57894,1888.73
45,3,0,1,1,2,403,103,2334,23,44,80,51,43314,1314.18
46,2,1,1,1,1,507,96,1495,17,53,101,48,40352,1181.865
47,2,1,1,1,2,437,101,2152,12,46,87,50,79021,1892.17
48,0,1,1,1,3,292,104,1866,24,54,58,52,40499,1152.03
49,2,0,1,0,2,418,96,2341,21,41,83,48,39324,1087.805
50,1,1,0,0,1,558,94,1910,20,47,111,47,104108,2344.91
51,1,1,1,0,3,374,92,2209,19,54,74,46,42369,1148.705
52,3,0,0,0,2,434,93,1831,22,46,86,46,41504,876.755
53,3,1,1,0,1,387,101,1754,27,49,77,50,44040,1278.1
54,2,1,1,0,1,300,111,2291,16,41,60,55,34708,871.335
55,2,0,1,1,2,297,110,2166,16,49,59,55,39229,1379.68
56,3,1,0,1,1,484,96,2157,17,51,96,48,44336,1275.945
57,3,1,1,1,1,484,101,1835,24,60,96,50,52502,1404.115
58,2,0,1,0,3,446,105,1851,19,58,89,52,46309,1209.055
59,3,0,1,1,2,273,100,1860,19,54,54,50,33708,960.61
60,3,1,0,1,3,289,100,1973,19,50,57,50,41332,1117.615
61,3,1,0,0,1,210,99,1613,15,53,42,49,23928,548.385
62,2,0,1,1,1,449,102,1587,19,45,89,51,35835,999.125
63,1,1,1,0,2,329,105,1807,23,50,65,52,34561,1013.345
64,1,1,1,1,1,577,102,2081,20,43,115,51,50097,1481.415
65,0,0,1,0,2,375,98,1826,23,51,75,49,55069,1550.58
66,1,1,1,1,1,188,92,2256,33,50,37,46,16308,799.06
67,1,1,1,0,2,341,100,2357,25,58,68,50,23409,852.155
68,2,1,0,1,1,348,95,1816,11,58,69,47,40055,923.9
69,1,1,0,1,1,451,96,1830,19,43,90,48,53283,1307.76
70,2,0,1,0,2,337,101,2221,23,48,67,50,42562,1181.915
71,3,1,0,1,2,419,106,1812,9,53,83,53,50176,1276.77
72,1,1,1,0,1,257,101,2221,21,38,51,50,30101,953.495
73,1,1,1,1,3,440,96,2483,12,49,88,48,86565,2077.375
74,2,0,1,0,0,516,100,2153,19,46,103,50,85639,2184.205
75,2,0,1,1,1,432,107,2117,22,43,86,53,58818,1763.785
76,2,0,1,1,2,298,104,1934,25,52,59,52,28781,1051.37
77,1,1,1,1,0,410,103,2282,14,39,82,51,54100,1677.35
78,2,0,1,1,3,499,92,2051,20,53,99,46,74166,1756.145
79,2,1,0,1,1,510,97,2087,25,45,102,48,55750,1544.075
80,2,1,1,1,2,428,107,2227,17,47,85,53,55362,1325.115
81,1,1,1,0,3,359,103,2199,27,47,71,51,46759,1228.705
82,2,1,1,1,2,528,91,2289,23,45,105,45,55064,1535.705
83,1,1,0,1,1,374,95,2508,22,42,74,47,50334,1522.78
84,2,1,1,0,2,285,98,2031,19,43,57,49,36943,1031.985
85,1,0,0,0,2,426,94,2211,17,48,85,47,44442,1063.415
86,2,0,1,1,2,463,103,2059,20,50,92,51,54510,1560.025
87,2,1,1,0,0,259,96,2254,20,48,51,48,28056,779.22
88,1,1,0,0,1,248,104,2079,16,51,49,52,27905,809.475
89,0,1,1,1,2,369,99,1793,24,46,73,49,42381,1284.095
90,3,0,0,1,2,449,96,1769,17,54,89,48,56039,1548.055
91,1,0,1,1,2,310,96,2253,23,40,62,48,51746,1686.945
92,2,1,0,1,1,242,98,1654,19,45,48,49,25828,736.61
93,3,1,1,1,0,349,99,2138,14,47,69,49,42759,1150.88
94,2,1,1,1,2,337,103,1984,25,51,67,51,52772,1344.19
95,2,0,1,0,2,331,90,2209,24,58,66,45,31545,1088.775
96,0,1,1,0,0,377,105,1950,26,38,75,52,37934,1030.18
97,2,1,1,1,0,438,103,1910,26,49,87,51,43600,1203.45
98,2,1,1,0,2,319,102,1912,18,39,63,51,40766,1098.17
99,3,1,0,0,2,345,91,1491,23,43,69,45,36907,894.465
100,1,1,1,1,2,521,95,1985,12,45,104,47,37355,1076.475
1,3,0,1,1,1,358,94,2428,19,53,71,47,34982,1117.64
2,0,1,1,1,1,416,103,2039,27,46,83,51,51366,1404.595
3,1,0,0,1,2,243,109,1730,24,47,48,54,29285,981.1
4,1,1,1,1,1,546,92,2514,21,57,109,46,67457,1794.69
5,3,0,0,0,2,250,98,1914,20,49,50,49,29719,966.83
6,1,0,1,1,2,284,104,2346,14,45,56,52,30430,1127.35
7,1,1,1,1,2,197,102,2026,23,48,39,51,27074,1070.88
8,3,0,1,0,1,331,94,1852,24,46,66,47,33579,1028.03
9,1,0,1,0,1,450,107,1993,25,49,90,53,37909,1130.905
10,0,1,0,0,1,474,92,2054,8,47,94,46,86662,2111.39
11,1,0,1,0,1,417,96,1969,19,49,83,48,62665,1700.675
12,1,1,1,0,2,356,105,1722,22,44,71,52,45235,1171.85
13,2,1,0,1,2,494,103,2050,25,42,98,51,49522,1338.39
14,1,0,1,1,2,489,95,2008,18,45,97,47,66716,1706.57
15,2,0,1,1,3,230,99,1660,13,53,46,49,16982,559.14
16,3,1,0,0,1,328,106,1700,13,47,65,53,24403,700.56
17,1,1,0,0,0,366,100,2089,18,43,73,50,48149,1209.505
18,2,0,1,0,1,498,98,2394,23,47,99,49,68313,1647.21
19,1,0,0,1,2,301,102,2431,20,47,60,51,33669,1043.205
20,1,1,1,1,1,426,102,2036,14,42,85,51,70596,1726.52
21,2,1,1,0,1,327,87,1831,18,52,65,43,41932,1078.565
22,2,1,1,1,1,537,95,2121,18,57,107,47,54231,1352.595
23,1,1,1,1,1,340,101,1696,9,41,68,50,41693,1122.96
24,2,1,1,0,2,372,108,1927,21,49,74,54,63884,1491.955
25,0,0,0,1,1,440,102,1770,17,60,88,51,48201,1424.17
26,1,1,0,1,1,484,101,2193,19,43,96,50,66066,1644.945
27,1,1,0,1,3,451,102,1759,9,43,90,51,40603,1135.885
28,1,0,1,1,2,557,98,1732,11,42,111,49,88989,2166.23
29,3,1,1,1,1,388,98,1987,23,45,77,49,52707,1413.515
30,1,1,0,0,2,351,105,1745,22,48,70,52,37299,891.155
31,1,0,1,1,1,162,101,1694,20,38,32,50,15341,536.57
32,1,1,1,0,1,336,96,2189,20,51,67,48,37075,1033.625
33,2,0,0,1,1,403,100,2443,24,51,80,50,51349,1489.005
34,2,1,1,0,0,389,102,1777,14,51,77,51,50136,1306.995
35,2,1,1,0,2,212,103,2216,21,53,42,51,25288,1028.06
36,2,1,1,1,2,392,98,2050,23,51,78,49,53245,1622.95
37,1,1,1,0,3,368,108,1792,24,48,73,54,53860,1332.6
38,2,0,0,0,1,411,98,2129,23,40,82,49,62526,1424.295
39,2,0,1,0,3,453,92,2056,16,35,90,46,63544,1443.83
40,1,1,1,0,2,380,102,2381,22,47,76,51,72291,1760.545
41,1,1,1,1,1,566,105,1805,15,48,113,52,72355,1787.825
42,0,0,0,0,2,431,90,2108,21,43,86,45,60715,1518.75
43,2,1,1,1,0,460,99,2147,26,54,92,49,39449,1143.255
44,2,1,1,1,1,257,89,2352,26,39,51,44,22362,860.49
45,2,1,1,0,2,352,94,1807,26,42,70,47,37965,1161.975
46,0,1,1,1,1,351,100,1917,18,34,70,50,41092,1095.215
47,3,1,1,1,2,502,93,2470,25,38,100,46,53156,1429.57
48,0,0,1,0,1,290,95,2083,13,52,58,47,34669,1038.255
49,3,0,0,1,1,308,93,1798,28,47,61,46,31311,838.17
50,1,1,1,0,3,505,99,2138,19,50,101,49,57132,1346.94
51,2,1,1,1,1,256,88,1978,15,47,51,44,33910,1159.25
52,1,1,1,1,1,453,103,2359,18,50,90,51,58524,1452.105
53,1,1,1,1,3,295,94,1868,16,37,59,47,36889,1024.73
54,0,1,1,1,3,408,98,2320,18,44,81,49,49823,1530.86
55,1,1,0,0,2,382,102,2705,19,36,76,51,40681,1405.545
56,1,0,0,0,3,346,94,1711,14,41,69,47,32407,702.215
57,2,1,1,1,1,409,108,2400,22,44,81,54,34163,990.11
58,1,1,1,0,3,297,98,2226,27,45,59,49,25902,733.14
59,2,0,1,1,1,443,109,2110,21,48,88,54,49652,1469.74
60,2,0,0,1,2,550,96,2235,23,55,110,48,93181,2299.895
61,3,1,1,0,0,372,98,2454,28,44,74,49,48259,1253.53
62,2,0,0,0,2,487,96,1966,18,45,97,48,59983,1593.66
63,0,0,1,1,3,278,104,1912,21,44,55,52,38116,1213.12
64,0,1,1,1,2,210,98,1883,24,53,42,49,25434,804.055
65,1,0,0,1,2,317,94,1797,22,41,63,47,32378,1113.735
66,1,1,1,0,2,475,100,1945,21,54,95,50,60064,1514.655
67,1,1,1,1,1,477,101,1851,11,47,95,50,56952,1395.165
68,1,0,1,1,2,221,95,1855,29,46,44,47,26798,930.885
69,2,0,1,1,2,408,102,2081,24,47,81,51,54844,1513.705
70,2,0,1,1,2,381,94,1751,9,47,76,47,61120,1570.325
71,2,1,0,1,2,252,92,1632,10,45,50,46,24241,734.12
72,1,1,1,1,2,449,102,2170,31,45,89,51,57906,1432.62
73,3,0,0,1,1,360,100,1855,18,53,72,50,49917,1376.315
74,2,1,1,1,3,383,99,1861,19,44,76,49,50350,1282.975
75,3,0,1,1,2,178,91,2082,22,44,35,45,24169,856.23
76,3,1,1,0,3,500,101,1762,23,55,100,50,66679,1775.73
77,3,0,1,0,1,452,104,2475,13,48,90,52,39169,1141.855
78,1,1,1,1,2,426,96,2182,24,53,85,48,36214,1113.63
79,1,1,0,0,3,361,98,1814,15,45,72,49,54696,1270.52
80,3,1,0,0,2,360,97,2389,13,56,72,48,53538,1558.985
81,0,1,1,0,2,422,95,1990,15,50,84,47,64404,1658.93
82,3,0,1,0,2,338,100,2257,21,49,67,50,47291,1361.845
83,0,1,1,1,1,454,103,2233,17,48,90,51,49378,1201.185
84,2,1,0,0,1,490,104,1771,19,49,98,52,73916,1732.395
85,2,1,0,0,1,540,90,1715,18,59,108,45,63284,1592.755
86,2,1,1,0,1,324,97,1565,28,43,64,48,35370,788.025
87,1,1,0,1,2,397,98,1947,15,42,79,49,60380,1439.325
88,2,1,1,1,2,413,97,2188,26,50,82,48,47189,1328.23
89,1,1,0,1,0,307,93,2069,30,48,61,46,39566,1195.395
90,2,1,1,0,2,457,95,2104,8,45,91,47,53935,1244.35
91,2,1,0,0,1,429,100,1785,16,43,85,50,50344,1235.355
92,2,1,1,1,1,313,111,1460,20,50,62,55,58737,1530.99
93,0,0,1,1,1,318,97,1994,22,46,63,48,46378,1306.21
94,2,0,1,1,2,447,99,2111,14,55,89,49,36499,1121.005
95,1,1,0,1,1,456,101,2116,17,41,91,50,53759,1350.38
96,0,1,1,0,2,541,106,2058,26,34,108,53,67748,1674.86
97,2,0,0,0,2,405,100,1978,14,46,81,50,54806,1514.62
98,3,1,1,1,2,341,99,1721,20,53,68,49,50782,1175.015
99,1,1,1,1,1,427,94,2372,18,52,85,47,59206,1524.37
100,3,1,1,1,2,507,100,2121,20,46,101,50,75260,1861.275
1,2,1,1,1,1,385,97,2128,20,47,77,48,35896,1045.57
2,1,1,0,1,1,336,101,2063,21,45,67,50,45794,1191.255
3,0,1,0,0,2,452,100,2154,13,50,90,50,79883,1917.81
4,2,0,1,1,3,510,92,1614,16,41,102,46,62951,1475.17
5,2,0,1,1,0,349,99,1931,16,47,69,49,53278,1392.585
6,2,1,1,1,3,442,97,1894,27,47,88,48,73245,1860.85
7,0,0,1,1,1,292,103,1849,22,49,58,51,29671,848.545
8,3,0,1,0,3,337,105,2101,16,49,67,52,38917,1215.815
9,3,1,0,0,1,484,104,2184,24,54,96,52,51526,1480.92
10,2,0,0,1,2,394,96,2241,23,49,78,48,53651,1284.645
11,1,1,0,0,1,392,93,2257,25,49,78,46,22533,658.085
12,2,1,1,1,1,441,102,2176,20,47,88,51,39014,1225.23
13,2,0,1,1,1,262,99,1977,14,48,52,49,42963,1216.585
14,1,1,1,0,2,251,92,1921,17,43,50,46,22527,900.415
15,3,0,1,1,2,412,101,2116,10,45,82,50,42048,1219.66
16,0,0,1,1,1,519,95,1729,17,54,103,47,55249,1538.655
17,1,1,1,1,3,374,102,2027,15,41,74,51,60312,1643.115
18,2,1,1,1,3,365,108,1509,19,52,73,54,38410,998.975
19,1,0,1,1,1,219,107,2538,28,49,43,53,24494,933.48
20,1,1,0,0,1,236,107,1811,29,50,47,53,20456,779.895
21,2,1,1,1,1,372,95,2089,18,53,74,47,53652,1438.365
22,2,1,0,1,2,220,98,1958,14,53,44,49,27142,916.09
23,3,1,1,0,0,377,88,2296,20,44,75,44,40743,1257.91
24,1,0,1,1,2,578,91,2050,16,48,115,45,33110,1114.85
25,1,1,0,1,1,383,110,1880,19,51,76,55,44409,1140.33
26,2,1,1,1,0,480,103,2197,18,40,96,51,47618,1339.085
27,3,1,0,0,1,302,101,1777,17,40,60,50,29185,925.725
28,2,0,1,1,1,204,95,2475,15,58,40,47,26643,1026.235
29,3,1,1,1,2,578,96,1975,26,45,115,48,69183,1675.135
30,1,1,1,0,2,531,105,2355,15,45,106,52,40267,1100.765
31,1,0,1,1,0,510,107,2239,23,46,102,53,50064,1658.255
32,3,1,1,1,2,300,99,1702,23,51,60,49,44658,1290.21
33,1,1,1,0,3,452,97,2246,21,47,90,48,73244,1620.73
34,1,1,0,1,1,323,100,1962,16,53,64,50,40921,1032.72
35,2,1,1,1,2,452,91,2014,23,56,90,45,45186,1406.07
36,1,0,1,0,0,414,104,2329,22,49,82,52,22490,830.125
37,1,1,0,1,1,245,103,2007,24,41,49,51,25405,751.025
38,1,0,0,1,0,322,104,1984,25,59,64,52,38363,1007.16
39,3,1,1,0,1,94,98,1493,14,54,18,49,13672,584.365
40,2,1,1,0,1,487,92,2175,17,58,97,46,42575,1212.425
41,1,0,1,0,2,419,104,1564,20,46,83,52,54822,1431.89
42,1,1,0,0,2,484,101,1752,11,49,96,50,43134,951.98
43,1,0,0,0,1,343,100,2085,15,52,68,50,44560,1246.675
44,2,0,1,1,1,520,97,2057,23,47,104,48,68114,1843.105
45,2,0,1,0,0,570,99,1793,23,43,114,49,59264,1458.405
46,2,0,0,0,1,394,106,1940,21,52,78,53,45139,1303.88
47,1,0,1,0,0,477,101,2562,20,35,95,50,64291,1645.52
48,2,1,1,0,1,397,104,1844,17,43,79,52,50241,1444.57
49,2,1,1,0,2,530,105,2032,31,41,106,52,63720,1633.6
50,3,0,1,1,1,328,95,1989,14,50,65,47,25704,1015.005
51,3,1,1,1,2,322,103,2108,24,53,64,51,45945,1343.5
52,2,1,0,1,2,266,95,1778,25,50,53,47,35337,950.29
53,3,0,1,1,1,440,97,2267,20,51,88,48,60012,1416.415
54,1,1,0,1,1,420,103,2327,28,49,84,51,38800,1235.875
55,1,0,1,1,2,377,97,1949,17,49,75,48,49743,1292.635
56,2,0,1,1,0,249,97,2284,13,44,49,48,34752,1070.39
57,2,1,1,1,1,423,98,2228,23,50,84,49,56557,1408.89
58,1,0,1,1,0,355,97,2209,13,48,71,48,59040,1567.475
59,2,0,0,1,1,508,93,1952,20,46,101,46,61535,1805
60,2,0,1,1,2,428,99,1985,18,42,85,49,38729,1161.005
61,2,1,1,0,0,340,105,2251,22,50,68,52,42788,1096.835
62,0,1,1,1,3,296,99,1984,20,41,59,49,40414,1233.08
63,1,1,1,1,2,472,92,2232,20,41,94,46,50211,1542.12
64,2,1,0,0,1,318,90,1958,22,46,63,45,36814,1108.73
65,1,0,1,0,2,441,94,2534,16,49,88,47,38463,1103.96
66,3,1,1,0,3,380,99,2214,25,53,76,49,40510,1339.65
67,2,0,1,0,1,358,96,2404,26,41,71,48,45931,1342.32
68,1,0,0,1,2,420,107,1729,17,47,84,53,46779,1161.805
69,1,1,1,1,2,428,102,1898,21,45,85,51,62319,1405.83
70,2,0,0,1,2,339,102,1685,24,50,67,51,25073,935.635
71,1,1,1,1,3,458,97,2110,24,47,91,48,40745,1086.35
72,2,0,0,1,0,428,102,2336,22,53,85,51,33840,1152.9
73,1,1,0,0,1,531,94,2039,29,50,106,47,40885,1023.425
74,2,0,0,1,1,254,99,1924,25,48,50,49,34923,992.86
75,1,1,1,0,2,284,100,2187,22,38,56,50,30516,1108.895
76,1,0,1,1,1,395,99,1954,13,46,79,49,44412,1413.04
77,1,1,1,1,1,416,105,2031,19,53,83,52,33679,1075.955
78,1,0,1,0,1,494,108,2424,9,45,98,54,52864,1475.18
79,2,1,0,1,1,360,104,1517,18,56,72,52,24277,722.965
80,2,0,1,1,3,343,92,2013,18,54,68,46,28959,986.355
81,2,1,1,1,3,550,88,1965,21,57,110,44,83025,2066.225
82,0,1,0,1,2,352,100,2133,11,45,70,50,35456,859.945
83,1,1,0,1,2,324,97,1741,21,51,64,48,31099,784.705
84,0,1,1,1,2,298,108,1645,20,58,59,54,41481,1189.745
85,2,0,0,0,3,294,107,1997,23,50,58,53,36463,937.585
86,3,1,0,1,0,335,100,2168,17,49,67,50,27613,925.61
87,1,0,1,0,3,540,85,2391,20,47,108,42,70780,1781.675
88,0,0,0,1,2,393,88,1804,16,47,78,44,43410,1170.45
89,2,1,0,0,1,395,103,2100,24,49,79,51,49444,1276.73
90,2,0,1,0,0,451,89,1744,18,48,90,44,69744,1769.93
91,1,1,1,0,2,428,108,1806,19,50,85,54,52415,1431.15
92,3,0,1,0,1,395,89,1900,25,50,79,44,49992,1185.49
93,1,1,1,0,1,616,101,2052,16,44,123,50,83780,2153
94,1,0,0,1,2,425,100,1956,21,48,85,50,44556,1236.77
95,2,0,1,1,0,324,100,2014,21,42,64,50,41885,1284.95
96,2,1,1,0,1,602,105,1815,17,41,120,52,70554,1777.355
97,2,1,0,1,1,324,98,2077,10,48,64,49,41191,1116.245
98,1,0,0,0,1,454,106,2481,25,43,90,53,66184,1473.905
99,1,1,1,0,3,173,101,2462,18,46,34,50,23066,980.22
100,0,0,0,1,0,263,106,2133,14,49,52,53,27973,893.135
1,2,1,1,1,1,504,99,2160,25,46,100,49,52209,1426.38
2,1,1,0,1,2,434,101,2097,14,47,86,50,60872,1476.465
3,2,0,0,0,2,516,93,1902,17,50,103,46,67353,1637.61
4,2,0,0,1,1,562,111,1919,12,50,112,55,58901,1371.295
5,1,1,0,1,0,372,96,1784,21,47,74,48,51555,1178.1
6,2,1,0,0,1,283,100,2521,16,48,56,50,38580,1024.275
7,2,0,1,1,2,487,100,1697,19,47,97,50,59266,1669.395
8,2,1,1,1,2,424,98,1772,23,49,84,49,41881,1104.32
9,1,0,0,1,1,397,94,1632,10,51,79,47,67352,1634.39
10,1,1,0,1,2,392,95,1820,21,57,78,47,49030,1293
11,2,0,0,1,1,194,105,2012,16,54,38,52,20127,797.24
12,0,0,1,1,3,406,99,1978,17,58,81,49,45202,1275.99
13,2,1,0,1,2,350,104,2386,24,42,70,52,41922,999.19
14,2,1,0,1,2,447,99,2033,23,53,89,49,74262,1819.215
15,2,0,1,1,2,475,95,1651,24,41,95,47,64875,1828.625
16,1,1,0,1,0,417,106,2147,10,44,83,53,48665,1400.525
17,3,0,0,0,0,393,101,1398,20,45,78,50,46165,1218.3
18,1,1,1,1,2,463,94,1834,19,42,92,47,54318,1570.26
19,0,1,0,0,2,253,100,1768,13,44,50,50,21579,811.93
20,2,0,1,1,1,315,100,2201,18,49,63,50,36641,1107.395
21,1,1,0,1,0,450,96,2326,21,53,90,48,74982,1702.89
22,2,1,0,1,2,463,102,1710,20,47,92,51,48240,1270.6
23,2,1,1,1,2,516,108,1593,18,51,103,54,61049,1771.605
24,1,1,0,1,2,439,105,1876,16,49,87,52,45691,1152.27
25,1,0,0,1,0,386,100,1833,16,40,77,50,44830,1136.625
26,1,1,1,1,2,290,105,1904,26,52,58,52,32756,872.92
27,1,0,0,1,2,233,102,2239,16,47,46,51,32419,1002.405
28,1,1,1,0,2,513,102,1833,11,51,102,51,36476,1161.695
29,2,0,1,1,2,456,100,2242,26,51,91,50,38139,1228.53
30,1,1,0,1,0,337,88,2052,21,37,67,44,28769,952.33
31,2,1,1,0,1,308,98,1590,18,52,61,49,31756,903.07
32,2,1,0,1,2,499,103,2183,24,47,99,51,66893,1783.085
33,0,0,1,1,2,311,98,1814,13,62,62,49,33358,827.76
34,2,0,0,1,2,532,108,2393,17,48,106,54,72721,1834.445
35,2,0,0,1,1,434,89,2358,13,48,86,44,50040,1394.25
36,0,0,0,1,2,526,96,1465,13,54,105,48,65444,1667.605
37,1,1,0,0,0,618,94,1934,17,48,123,47,84011,1987.77
38,1,1,1,0,2,586,98,2222,19,55,117,49,37245,1152.15
39,2,1,1,0,0,473,103,1999,26,47,94,51,59113,1496.385
40,1,1,1,1,1,321,110,1971,16,52,64,55,37031,1043.845
41,1,1,1,1,1,312,109,1921,21,48,62,54,28207,1154.665
42,0,1,0,0,0,277,101,1492,16,48,55,50,33501,925.87
43,3,1,1,0,1,561,95,1563,31,57,112,47,53691,1404.545
44,2,0,0,0,1,449,105,2183,16,46,89,52,59358,1415.185
45,1,0,1,1,3,560,103,1685,29,46,112,51,76684,1875.105
46,1,0,0,1,1,463,96,2368,30,51,92,48,56112,1524.09
47,1,1,0,0,2,293,101,2096,10,52,58,50,32467,912.29
48,2,0,1,1,2,229,107,1980,17,39,45,53,34412,1108.49
49,2,1,1,1,3,297,92,1901,17,49,59,46,33826,1035.795
50,2,1,1,1,1,377,106,2254,20,51,75,53,32228,943.86
51,1,0,1,1,3,524,100,1990,18,45,104,50,68626,1591.77
52,2,0,1,0,1,342,94,1991,20,48,68,47,16639,904.955
53,2,0,1,1,3,503,98,1940,25,45,100,49,63523,1604.91
54,2,1,0,0,2,380,95,1857,21,41,76,47,34449,774.805
55,0,1,1,1,3,357,102,1545,9,54,71,51,42059,1078.655
56,2,0,0,0,1,160,99,1976,21,45,32,49,19734,761.18
57,1,0,1,1,1,564,98,2069,23,55,112,49,58809,1654.605
58,2,1,1,0,2,323,96,1756,25,52,64,48,47703,1257.01
59,3,1,1,1,3,475,106,1821,22,47,95,53,46276,1235.395
60,1,1,1,0,1,549,96,1967,18,47,109,48,80719,2086.805
61,1,1,0,0,1,465,97,2371,16,49,93,48,59471,1411.245
62,0,0,0,1,1,449,98,1588,21,46,89,49,52418,1348.81
63,1,1,1,1,1,374,103,1559,16,51,74,51,28112,815.815
64,2,0,1,1,1,333,96,2502,26,51,66,48,48570,1374.1
65,1,1,1,1,1,456,97,2217,19,45,91,48,56582,1364.665
66,3,1,1,0,1,322,89,2027,24,42,64,44,48213,1270.235
67,1,0,1,0,1,485,102,2012,15,39,97,51,68816,1701.67
68,1,1,1,0,2,493,108,1728,24,49,98,54,50868,1299.11
69,1,0,1,1,1,320,106,2071,16,44,64,53,43214,1244.755
70,3,0,1,1,1,535,96,2005,33,47,107,48,81884,1956.655
71,2,0,1,0,1,401,102,2261,14,41,80,51,53294,1508.255
72,1,0,0,1,2,281,100,1928,16,47,56,50,38569,1394.73
73,1,1,1,0,0,434,98,1903,28,45,86,49,37230,1083.275
74,1,1,1,1,2,458,98,2225,27,47,91,49,71428,1845.785
75,0,1,1,1,0,256,106,2259,11,51,51,53,34790,1064.775
76,1,1,0,1,3,501,94,2083,16,48,100,47,71674,1943.705
77,1,1,1,1,0,432,96,2329,18,45,86,48,56282,1458.265
78,3,0,1,1,2,349,100,2092,15,44,69,50,38648,1025.81
79,0,0,1,1,1,385,103,2032,13,47,77,51,25690,922.35
80,1,0,0,0,3,256,111,2154,21,48,51,55,25532,873.69
81,1,1,1,1,1,458,92,2166,15,48,91,46,49160,1381.35
82,2,1,0,1,1,486,98,2077,15,48,97,49,46309,1237.205
83,1,1,0,1,2,445,104,1440,22,49,89,52,45756,1162.87
84,2,0,1,0,2,264,96,1635,11,41,52,48,31972,840.815
85,2,1,0,1,1,464,100,1749,19,48,92,50,68071,1733.945
86,1,1,0,1,1,407,98,1945,22,42,81,49,51599,1189.655
87,1,0,0,0,2,401,97,2190,15,39,80,48,49563,1481.16
88,2,1,0,1,1,472,103,1767,18,41,94,51,57028,1489.235
89,2,1,1,1,1,409,98,2002,13,35,81,49,42005,1179.4
90,2,1,1,1,1,343,100,2119,17,50,68,50,41780,1283.325
91,0,1,1,1,2,400,105,2190,11,49,80,52,41475,1455.75
92,1,1,1,0,1,343,100,1758,25,52,68,50,28094,1003.48
93,2,0,1,0,2,575,98,1963,16,46,115,49,70144,1844.005
94,2,0,1,1,2,417,106,2217,24,43,83,53,45399,1375.255
95,1,1,1,1,0,506,94,2075,28,41,101,47,55386,1745.695
96,2,1,1,1,2,550,99,1928,15,43,110,49,41118,1075.56
97,2,1,1,0,0,465,101,1847,20,46,93,50,32926,867.345
98,1,0,1,0,2,316,93,2272,17,36,63,46,31693,948.26
99,3,1,1,1,0,439,107,2012,17,50,87,53,58565,1514.15
100,2,0,0,1,1,362,94,1546,21,51,72,47,50375,1291.45
1,1,1,0,0,2,606,101,2219,20,45,121,50,54023,1303.735
2,1,0,1,1,1,297,94,1806,9,44,59,47,28958,1102.46
3,1,1,1,1,2,387,100,1747,19,43,77,50,49627,1326.465
4,2,1,0,0,2,417,95,1670,16,46,83,47,42416,971.62
5,0,0,0,0,2,455,87,2038,16,53,91,43,44540,1182.9
6,2,0,1,1,2,324,105,2017,20,43,64,52,35032,1059.765
7,1,0,0,1,2,403,103,2011,22,45,80,51,50791,1261.345
8,1,0,1,0,0,399,105,1802,20,45,79,52,44258,1139.36
9,2,0,0,0,2,377,95,2278,14,43,75,47,52990,1409.6
10,1,1,1,1,2,244,96,2160,18,43,48,48,30526,1035.42
11,1,1,0,0,1,376,98,2090,24,46,75,49,36975,865.35
12,2,1,0,1,1,442,91,2079,13,50,88,45,48808,1413.535
13,2,1,1,1,2,355,99,2182,18,55,71,49,38704,1140.78
14,2,1,1,1,1,259,93,2296,30,41,51,46,37415,1250.65
15,1,0,1,1,2,345,103,2062,21,47,69,51,51508,1314.26
16,1,0,1,0,0,424,106,1356,15,57,84,53,53176,1446.02
17,0,0,1,0,3,264,97,1971,25,46,52,48,30548,1075.335
18,2,0,0,0,1,528,97,1839,21,44,105,48,77870,1740.875
19,2,1,1,0,2,609,97,1788,25,34,121,48,88157,2107.69
20,0,0,1,0,0,292,99,1833,25,35,58,49,30074,821.105
21,1,1,1,1,2,464,96,1965,19,43,92,48,68904,1908.705
22,1,1,1,1,2,481,105,2155,7,48,96,52,56380,1479.025
23,1,1,1,0,2,362,102,1773,26,47,72,51,47486,1137.945
24,2,1,0,1,2,388,101,2284,23,39,77,50,52750,1504.2
25,1,0,1,1,2,493,99,2250,22,49,98,49,51409,1397.08
26,2,0,1,1,2,377,95,1898,16,57,75,47,42782,1167.54
27,2,1,1,1,1,281,97,1728,25,54,56,48,37145,1080.55
28,3,0,1,1,1,459,99,2182,20,47,91,49,48730,1529.9
29,2,1,1,1,1,313,97,2055,20,45,62,48,29365,1020.025
30,1,1,0,1,2,333,100,1546,19,47,66,50,27388,912.26
31,0,0,0,0,2,475,103,1971,25,41,95,51,51274,1186.505
32,1,1,1,0,3,497,100,1118,15,54,99,50,54306,1364.62
33,1,0,1,1,0,548,92,1587,18,45,109,46,76666,1905.595
34,2,1,1,0,2,480,92,1751,26,42,96,46,39156,1084.995
35,1,0,1,0,1,504,99,2116,25,49,100,49,38393,1147.86
36,1,0,1,1,2,262,96,1791,23,42,52,48,39604,1177.155
37,1,0,1,1,1,283,98,1590,22,55,56,49,51762,1330.64
38,2,0,0,1,2,445,98,2094,20,48,89,49,59153,1502.66
39,2,0,1,1,2,455,94,1800,18,48,91,47,63777,1616.29
40,0,0,1,1,2,417,101,1863,18,44,83,50,44585,1251.725
41,3,1,0,1,2,319,107,1630,22,53,63,53,42237,1126.64
42,1,1,0,1,1,497,101,1928,18,56,99,50,46644,1306.23
43,1,1,1,1,1,517,109,2001,22,49,103,54,48833,1297.635
44,2,1,1,1,2,374,107,1827,20,48,74,53,47629,1408.155
45,3,0,1,0,2,373,95,2168,21,57,74,47,33130,971.55
46,1,1,1,1,1,535,94,1556,19,45,107,47,63965,1635.35
47,2,1,0,1,1,504,95,2036,21,48,100,47,45416,1233.42
48,1,0,1,0,3,622,109,1709,18,62,124,54,76588,1802.385
49,2,0,0,0,1,252,104,1782,26,50,50,52,35141,763.17
50,1,0,1,0,1,296,93,1945,17,43,59,46,40947,1116.165
51,0,1,1,0,1,416,110,1861,23,47,83,55,39900,986.425
52,2,1,1,0,2,275,102,2494,21,51,55,51,28580,923.5
53,1,1,1,1,2,411,110,1720,16,40,82,55,49658,1188.31
54,1,1,1,1,3,519,97,2044,27,44,103,48,60159,1571.43
55,2,0,1,0,1,330,112,1650,24,54,66,56,46030,1238.35
56,2,1,0,0,0,429,98,2340,16,38,85,49,59879,1445.73
57,0,1,0,1,1,443,102,2147,15,47,88,51,59787,1404.665
58,2,1,1,0,2,462,100,1524,19,51,92,50,60842,1463.44
59,1,0,1,1,1,283,101,2323,28,44,56,50,40686,1263.545
60,1,1,0,0,2,397,102,1545,21,52,79,51,44910,973.675
61,0,0,1,1,2,504,103,2174,21,43,100,51,59707,1569.79
62,1,0,1,0,2,531,89,2411,28,40,106,44,84179,1969.205
63,2,1,1,0,2,391,100,2028,13,50,78,50,52739,1229.13
64,1,1,1,1,2,491,104,2361,14,55,98,52,61644,1589.855
65,1,1,0,0,2,375,98,1952,21,48,75,49,32506,918.57
66,3,1,1,0,1,435,102,2051,11,46,87,51,40984,1300.705
67,2,0,1,1,1,265,101,1679,19,33,53,50,26152,881.465
68,2,0,0,0,0,442,95,2274,18,42,88,47,66568,1771.21
69,1,1,0,0,2,318,96,1996,15,49,63,48,50430,1489
70,0,0,1,0,2,469,98,1794,25,50,93,49,54167,1294.34
71,0,0,1,1,1,470,99,1557,16,49,94,49,59514,1423.805
72,2,0,0,0,1,427,94,1577,27,45,85,47,55527,1284.615
73,1,1,1,1,3,279,99,1890,20,47,55,49,24038,866.56
74,3,1,0,1,2,464,100,2183,23,48,92,50,41662,1191.415
75,2,0,1,1,1,339,101,1813,18,50,67,50,30793,980.335
76,1,1,1,1,2,262,99,2377,17,47,52,49,27392,866.365
77,2,1,1,0,2,307,99,2180,30,45,61,49,37533,1250.91
78,3,1,1,1,3,456,104,2278,29,49,91,52,54758,1535.91
79,1,1,1,1,2,659,95,2092,23,47,131,47,68384,1867.63
80,2,0,1,1,0,376,103,1669,10,36,75,51,54304,1309.405
81,2,1,1,1,2,468,100,2094,12,41,93,50,52712,1602.69
82,1,0,0,1,0,384,101,2100,13,49,76,50,31102,835.04
83,2,1,1,1,1,422,96,1842,18,38,84,48,45195,1127.45
84,2,1,0,1,2,333,97,1665,19,43,66,48,16920,628.075
85,3,1,1,1,1,403,97,1875,16,48,80,48,49877,1259.165
86,0,0,0,1,2,402,94,1717,22,53,80,47,40031,943.245
87,2,1,1,1,3,363,105,2125,17,55,72,52,26176,888.995
88,1,1,1,1,1,179,103,1492,32,49,35,51,18054,626.93
89,3,0,1,1,1,429,95,2312,11,54,85,47,66518,1882.81
90,1,0,1,0,2,612,100,2110,23,51,122,50,72342,1634.59
91,1,0,0,0,1,532,103,1891,4,36,106,51,65192,1630.115
92,2,0,0,0,1,388,99,1941,27,47,77,49,56450,1445.325
93,2,1,1,1,2,252,96,2361,23,47,50,48,26752,771.365
94,2,1,1,1,3,362,95,1718,16,55,72,47,50058,1151.61
95,3,0,1,0,2,253,110,2110,17,53,50,55,32245,1095.3
96,1,0,0,1,1,507,115,1969,14,41,101,57,44653,1260.535
97,1,1,1,1,3,277,97,1820,19,50,55,48,26328,911.51
98,3,1,0,1,2,94,102,2470,16,59,18,51,10594,401.03
99,2,0,1,1,1,545,106,2095,17,45,109,53,46428,1536.485
100,0,0,0,1,2,471,103,2078,18,47,94,51,62032,1657.74
